{
  "name": "com.minervanetworks.chrome.plugin.helper",
  "description": "Minerva Networks Inc. Chrome Native Messaging",
  "path": "/Applications/ChromePlayerPlugin.app/Contents/MacOS/ChromePlayerPlugin",
  "type": "stdio",
  "allowed_origins": [
    "chrome-extension://bdlhpbalhdjobabgbacbgclpjjelainj/",
    "chrome-extension://gfbnbmbkemlokfckhdoaakhjogffkinc/",
    "chrome-extension://icnlblaamineciagcjhkkgeinkpiebhe/",
    "chrome-extension://lhbhidlipbibgopcdfmicdafefedcpgl/",
    "chrome-extension://bkkabklfneiehcfjmfkdcnekmcjkineg/",
    "chrome-extension://nombmhbhgiemilofaegkddolnopenfch/"
  ]
}
